5AFB,5B3B,5B3F,PO,5B32
5AFC,5B3F,5B43,PO,5B32
5AFD,5B43,5B40,5B33,5B32
5AFE,5B40,5B3D,5B34,5B32
5AFF,5B3D,5B3C,5B35,5B32
5B00,5B3C,5B3B,5B35,5B32
5B01,5B3B,5B38,5B35,PO
5B02,5B38,5B39,5B35,PO
5B03,5B39,5B3D,5B35,5B36
5B04,5B39,5B3A,5B36,PO
5B05,5B3A,5B3E,5B36,PO
5B06,5B3E,5B3D,5B36,5B34
5B07,5B3E,5B41,5B34,PO
5B08,5B41,5B42,5B34,5B37
5B09,5B42,5B40,5B34,5B33
5B0A,5B43,5B44,PO,5B33
5B0B,5B44,5B45,5B37,5B33
5B0C,5B45,5B42,5B37,5B33
5B0D,5B41,5B46,5B37,PO
5B0E,5B46,5B47,5B37,PO
5B0F,5B47,5B48,5B37,PO
5B10,5B48,5B44,5B37,PO
